{"_timestamp":1.76129875201788e+09,"learning_rate":7.8125e-06,"epoch":150,"val_rmse_vm_pu":0.012822163291275501,"best_val_loss_phys":30.34780303194281,"val_rmse_theta_deg":2.0000253915786743,"best_epoch":150,"train_loss_op":0.31131127178668977,"_wandb":{"runtime":13},"_step":149,"train_loss_combined":53.05170195987656,"train_loss_temp":3.29866921674693e-05,"_runtime":13,"val_loss_phys":30.34780303194281,"train_loss_res":52.740357701397706,"test_rmse_vm_pu":0.01368158170953393,"test_rmse_theta_deg":2.376166343688965}