{"epoch":60,"_timestamp":1.7614037159509783e+09,"_runtime":6,"_step":59,"learning_rate":0.001,"_wandb":{"runtime":6},"val_loss_mse":0.0013462947434604619,"test_rmse_vm_pu":0.011345233457783857,"best_val_loss_mse":0.0006738824921547238,"best_epoch":59,"test_rmse_theta_deg":1.1426396767298381,"train_loss_mse":0.0005715210587741473,"train_loss_temp":1.2400903648458786e-06,"val_rmse_vm_pu":0.010519244708120823,"train_loss_phys":0,"val_rmse_theta_deg":1.4134787718454997}