{"_step":59,"best_epoch":55,"_runtime":10,"val_rmse_theta_deg":2.0039125084877014,"best_val_loss_mse":0.0024893198860809207,"_timestamp":1.7613989217665675e+09,"val_loss_mse":0.0025655252393335104,"learning_rate":0.00025,"train_loss_physics":1.7070472067899325,"val_rmse_vm_pu":0.010875494219362736,"_wandb":{"runtime":10},"train_loss_mse":0.0022474279860034583,"train_loss_total":0.39616155612668424,"epoch":60}