{"best_val_loss_mse":0.0024750009179115295,"train_loss_mse":0.002077643293887377,"_wandb":{"runtime":13},"val_loss_mse":0.0026575466617941856,"_timestamp":1.7613973849659085e+09,"val_rmse_vm_pu":0.010885803028941154,"epoch":60,"train_loss_total":1.553009624046864,"val_rmse_theta_deg":2.0414693355560303,"best_epoch":58,"_runtime":13,"learning_rate":0.000125,"train_loss_physics":1.2325141428971833,"_step":59}