{"best_epoch":57,"train_loss_phys":0,"train_loss_mse":0.0013209023775580602,"_wandb":{"runtime":6},"_timestamp":1.7614034898108354e+09,"learning_rate":0.001,"_runtime":6,"best_val_loss_mse":0.0008060418009391111,"test_rmse_theta_deg":1.2750207583109539,"val_rmse_vm_pu":0.010362212235728899,"val_rmse_theta_deg":1.298022945721944,"val_loss_mse":0.001157582617562377,"epoch":60,"_step":59,"train_loss_temp":1.087230065749258e-06,"test_rmse_vm_pu":0.010804036632180214}