{"best_epoch":54,"_runtime":11,"train_loss_total":0.6643069687333572,"val_rmse_vm_pu":0.011212152118484179,"train_loss_mse":0.0022939276532270014,"_step":59,"_timestamp":1.7613986358586419e+09,"best_val_loss_mse":0.0024884308222681284,"train_loss_physics":1.714565850233167,"_wandb":{"runtime":11},"learning_rate":0.00025,"val_loss_mse":0.0027546017275502286,"epoch":60,"val_rmse_theta_deg":2.0742470423380532}