{"tr_tmp":8.837937471421006e-05,"tr_total_approx":7.819795835366012,"val_th_rmse":2.7108407020568848,"tr_res":6.735337688451068,"val_loss":8.634943727077761,"_step":100,"tr_op":0.31356204931552595,"tr_wls":0.1154085989945974,"_timestamp":1.7610409986897538e+09,"test_th_rmse":3.445044994354248,"_wandb":{"runtime":427},"tr_smooth":0.055053105912147425,"val_vm_rmse":0.34834518035252887,"tr_pf":0.6003460133179583,"test_vm_rmse":0.37828053037325543,"_runtime":427}