{"train_loss_mse":0.002592917368747294,"val_rmse_theta_deg":2.138049364089966,"best_val_loss_mse":0.0029654483466098704,"epoch":60,"val_loss_mse":0.0029654483466098704,"val_rmse_vm_pu":0.01285214318583409,"best_epoch":60,"train_loss_total":2.368991243936438,"_wandb":{"runtime":10},"_timestamp":1.7613981224269555e+09,"_runtime":10,"_step":59,"train_loss_physics":1.4957690768704766,"learning_rate":2.5e-05}