{"best_epoch":59,"_step":59,"epoch":60,"_wandb":{"runtime":12},"val_rmse_theta_deg":1.7001211245854695,"val_rmse_vm_pu":0.013106702826917171,"best_val_loss_mse":0.0013558886324365933,"train_loss_mse":0.0011728514218702912,"train_loss_physics":1.7226503912346947,"_timestamp":1.7613990439533975e+09,"train_loss_total":1.4000781773340853,"_runtime":12,"val_loss_mse":0.0019411958831672866,"learning_rate":0.000125}