{"_timestamp":1.7613973283960605e+09,"_step":59,"val_loss_mse":0.002697478048503399,"_runtime":10,"train_loss_mse":0.002158682234585285,"val_rmse_vm_pu":0.011474636383354664,"epoch":60,"best_val_loss_mse":0.0025463912170380354,"train_loss_physics":1.1797475212738247,"val_rmse_theta_deg":2.052201271057129,"learning_rate":0.000125,"train_loss_total":1.7166301637508887,"best_epoch":59,"_wandb":{"runtime":10}}