{"val_th_rmse":2.3590418497721353,"_step":100,"tr_wls":0.0991975017465078,"_wandb":{"runtime":427},"tr_res":5.858360747996425,"tr_pf":0.45539854930576584,"tr_tmp":7.731879304628819e-05,"test_th_rmse":2.871387799580892,"tr_total_approx":6.735987550926691,"tr_op":0.284495106110206,"tr_smooth":0.038458326974740394,"val_vm_rmse":0.3093118866284688,"test_vm_rmse":0.34413595994313556,"val_loss":6.93541125551734,"_runtime":427,"_timestamp":1.7610418683743248e+09}