{"train_loss_total":1.9593299935020887,"_wandb":{"runtime":6},"epoch":60,"_timestamp":1.7613981603267643e+09,"best_val_loss_mse":0.002474567969329655,"best_epoch":58,"train_loss_mse":0.002574789570644498,"val_loss_mse":0.0054518915712833405,"val_rmse_theta_deg":2.958911657333374,"val_rmse_vm_pu":0.010823275428265333,"learning_rate":0.00025,"_step":59,"train_loss_physics":1.2528525309204288,"_runtime":6}