{"val_loss":6.862778795027038,"tr_tmp":8.396249811481446e-05,"tr_total_approx":6.8679772136279995,"tr_op":0.3101501312011328,"_runtime":428,"tr_pf":0.3878348554155647,"val_th_rmse":2.4028023878733316,"tr_wls":0.1126808191721256,"_step":100,"test_vm_rmse":0.3699592053890228,"tr_res":6.00228048851932,"tr_smooth":0.0549469568217412,"_timestamp":1.7610414345578012e+09,"val_vm_rmse":0.3436248103777568,"test_th_rmse":3.400012811024984,"_wandb":{"runtime":428}}