{"_wandb":{"runtime":12},"val_loss_mse":0.0017807248514145613,"epoch":60,"best_epoch":60,"_runtime":12,"_step":59,"train_loss_mse":0.001841786364093423,"_timestamp":1.7613975462807567e+09,"val_rmse_theta_deg":1.6586339473724365,"best_val_loss_mse":0.0017807248514145613,"train_loss_physics":1.2634601272933108,"val_rmse_vm_pu":0.010231281630694866,"train_loss_total":1.364227856114496,"learning_rate":0.00025}