{"_timestamp":1.7613987579711993e+09,"train_loss_physics":1.169727163432636,"best_val_loss_mse":0.0025882262270897627,"train_loss_mse":0.002267487533390522,"learning_rate":0.00025,"_step":59,"val_rmse_vm_pu":0.011438811663538218,"_wandb":{"runtime":9},"best_epoch":20,"epoch":60,"_runtime":9,"train_loss_total":0.5273970235767431,"val_rmse_theta_deg":2.064659833908081,"val_loss_mse":0.0027290486032143235}