{"_timestamp":1.7613986849498472e+09,"best_val_loss_mse":0.002547532902099192,"val_rmse_vm_pu":0.020630517043173313,"train_loss_total":0.944329407504051,"train_loss_mse":0.003612285712733865,"learning_rate":0.00025,"val_rmse_theta_deg":2.7066690921783447,"val_loss_mse":0.004889402771368623,"_wandb":{"runtime":8},"_runtime":8,"epoch":60,"train_loss_physics":1.813328379572288,"best_epoch":47,"_step":59}