{"best_epoch":80,"epoch":80,"val_rmse_vm_pu":0.009541476455827555,"train_loss_phys":0,"_timestamp":1.7614548672550647e+09,"test_rmse_vm_pu":0.01004037850846847,"_wandb":{"runtime":7},"val_rmse_theta_deg":0.7999099890391032,"val_loss_mse":0.00048685503530908716,"train_loss_temp":1.323583243599084e-06,"_runtime":7,"learning_rate":0.001,"test_rmse_theta_deg":0.9545973141988119,"best_val_loss_mse":0.00048685503530908716,"train_loss_mse":0.0004159761473345451,"_step":79}