{"_timestamp":1.7610405628307993e+09,"tr_total_approx":7.173939504824019,"val_loss":7.374258720853423,"tr_tmp":0.0001009007974062115,"_wandb":{"runtime":427},"tr_res":6.169842148152837,"_runtime":427,"test_vm_rmse":0.3494538863499959,"tr_smooth":0.08010571182538302,"test_th_rmse":4.33418623606364,"_step":100,"tr_op":0.2787235318086086,"tr_pf":0.5520873726693837,"val_th_rmse":2.8514331181844077,"val_vm_rmse":0.31203274925549823,"tr_wls":0.09307983957040004}