{"test_rmse_theta_deg":1.9325897693634033,"val_rmse_theta_deg":0.9891535341739655,"train_loss_temp":0,"train_loss_mse":0.000737823513097679,"best_val_loss_mse":0.0010591207784741666,"_timestamp":1.7614048682104409e+09,"val_rmse_vm_pu":0.016793545335531235,"train_loss_theta":0.00023252328593606272,"train_loss_vm":0.00027277693525553704,"best_epoch":57,"train_loss_phys":0,"learning_rate":0.001,"epoch":60,"_step":59,"test_rmse_vm_pu":0.0210191011428833,"_wandb":{"runtime":2},"val_loss_mse":0.0011349913300805245,"_runtime":2}