{"test_rmse_vm_pu":0.01151792953411738,"train_loss_phys":0,"train_loss_mse":0.0005532812748032694,"_wandb":{"runtime":7},"best_val_loss_mse":0.0006775665114577296,"_timestamp":1.7614036948630664e+09,"test_rmse_theta_deg":1.1519485314687092,"best_epoch":60,"_step":59,"val_rmse_vm_pu":0.010381510170797506,"_runtime":7,"learning_rate":0.001,"val_loss_mse":0.0006775665114577296,"val_rmse_theta_deg":0.9559323986371359,"epoch":60,"train_loss_temp":1.1786455499345604e-06}