{"train_loss_temp":8.549507918743123e-06,"test_rmse_theta_deg":3.958655595779419,"val_rmse_vm_pu":0.011317082680761814,"train_loss_mse":0.009617343888078866,"_runtime":5,"_step":59,"train_loss_phys":0,"learning_rate":0.0001,"best_epoch":60,"val_rmse_theta_deg":3.9371349811553955,"epoch":60,"_wandb":{"runtime":5},"_timestamp":1.7614031677205062e+09,"val_loss_mse":0.009571845643222332,"best_val_loss_mse":0.009571845643222332,"test_rmse_vm_pu":0.011253077536821365}