{"best_epoch":59,"val_loss_mse":0.0033883238987376294,"_step":59,"_wandb":{"runtime":12},"train_loss_mse":0.0030280358623713255,"_timestamp":1.7613982576903353e+09,"train_loss_physics":2.2728855963848145,"val_rmse_theta_deg":2.307727098464966,"val_rmse_vm_pu":0.010841455310583115,"_runtime":12,"train_loss_total":4.139338374615849,"epoch":60,"learning_rate":2.5e-05,"best_val_loss_mse":0.003236621618270874}