{"best_epoch":57,"test_rmse_vm_pu":0.010927978592614332,"test_rmse_theta_deg":1.137880543867747,"_timestamp":1.7614032736443195e+09,"train_loss_mse":0.0007749381146799678,"train_loss_temp":1.0948856878456306e-06,"val_rmse_theta_deg":1.104743758837382,"best_val_loss_mse":0.0006657751192423431,"_wandb":{"runtime":6},"train_loss_phys":0,"_runtime":6,"_step":59,"val_loss_mse":0.0008803781573519562,"epoch":60,"learning_rate":0.001,"val_rmse_vm_pu":0.010479987288514772}