{"_wandb":{"runtime":5},"learning_rate":0.001,"train_loss_phys":0,"val_loss_mse":0.0012828026206768823,"_runtime":5,"best_epoch":54,"train_loss_mse":0.000983460085430684,"epoch":60,"test_rmse_vm_pu":0.009042558570702871,"_step":59,"val_rmse_vm_pu":0.008082995191216469,"val_rmse_theta_deg":1.3865571816762288,"_timestamp":1.7614037323000727e+09,"best_val_loss_mse":0.0011401229015918393,"test_rmse_theta_deg":1.5492979288101196,"train_loss_temp":1.3476603201594955e-06}