{"learning_rate":0.001,"_runtime":2,"_step":59,"val_rmse_vm_pu":0.015545773785561323,"_wandb":{"runtime":2},"_timestamp":1.7614051302586877e+09,"train_loss_mse":0.0008666790075576267,"epoch":60,"val_rmse_theta_deg":1.0669189393520355,"test_rmse_vm_pu":0.022189751267433167,"train_loss_phys":0,"train_loss_theta":0.0002956043358725042,"train_loss_vm":0.00027547032984260184,"val_loss_mse":0.0012344026507696872,"train_loss_temp":0,"best_epoch":59,"best_val_loss_mse":0.0011360716166426287,"test_rmse_theta_deg":1.929444968700409}