{"train_loss_total":1.3030150643947656,"val_rmse_vm_pu":0.010323796110848585,"_step":59,"_wandb":{"runtime":11},"_timestamp":1.7613988494040484e+09,"best_epoch":39,"_runtime":11,"learning_rate":0.00025,"best_val_loss_mse":0.0025339643470942974,"train_loss_physics":1.6976370506537326,"train_loss_mse":0.002177699888125062,"epoch":60,"val_loss_mse":0.0027427729219198227,"val_rmse_theta_deg":2.076425035794576}