{"val_rmse_vm_pu":0.012779118803640207,"train_loss_mse":0.0003056674927043227,"train_loss_phys":0,"best_val_loss_mse":0.0006491034723832413,"test_rmse_vm_pu":0.01704027907301982,"_timestamp":1.7614047134077692e+09,"train_loss_theta":7.673662893909913e-05,"train_loss_temp":0,"test_rmse_theta_deg":1.5003137985865276,"learning_rate":0.001,"epoch":60,"train_loss_vm":0.00015219422997548603,"val_rmse_theta_deg":0.6966181099414825,"val_loss_mse":0.0006491034723832413,"_wandb":{"runtime":3},"_runtime":3,"_step":59,"best_epoch":60}