{"_step":59,"best_epoch":60,"_wandb":{"runtime":6},"test_rmse_theta_deg":1.8266453742980957,"epoch":60,"train_loss_temp":1.3189128002849407e-06,"val_rmse_theta_deg":1.5663741032282512,"_runtime":6,"test_rmse_vm_pu":0.009186466845373312,"train_loss_phys":0,"val_rmse_vm_pu":0.008620868436992168,"train_loss_mse":0.0012947995848476123,"_timestamp":1.7614035255549698e+09,"best_val_loss_mse":0.0015812374679653933,"learning_rate":0.001,"val_loss_mse":0.0015812374679653933}