{"learning_rate":0.00025,"train_loss_total":1.6598516684016775,"_timestamp":1.7613974372817616e+09,"train_loss_mse":0.0015508282231166959,"_step":59,"best_epoch":60,"train_loss_physics":1.2224940019953876,"best_val_loss_mse":0.0017423294484615326,"epoch":60,"val_rmse_vm_pu":0.010528751648962498,"_wandb":{"runtime":12},"val_rmse_theta_deg":1.636431336402893,"val_loss_mse":0.0017423294484615326,"_runtime":12}