{"train_loss_mse":0.002320306212641299,"val_rmse_theta_deg":2.053130626678467,"_wandb":{"runtime":11},"best_val_loss_mse":0.0025036612836023173,"train_loss_physics":1.178784897382511,"_step":59,"train_loss_total":1.2019879596486223,"learning_rate":0.000125,"best_epoch":58,"_runtime":11,"epoch":60,"val_loss_mse":0.0026802686819185815,"val_rmse_vm_pu":0.010144494784375032,"_timestamp":1.7613978737970488e+09}