{"best_epoch":2,"val_loss_mse":0.004286294052791264,"train_loss_total":3.644060207910769,"epoch":2,"best_val_loss_mse":0.004286294052791264,"_runtime":2,"train_loss_mse":0.03556815827360902,"_timestamp":1.761136298372346e+09,"val_rmse_theta_deg":2.5952228705088296,"learning_rate":0.0005,"_step":1,"_wandb":{"runtime":2},"val_rmse_vm_pu":0.010734834397832552,"train_loss_physics":3.2883786262492833}