{"best_val_loss_mse":0.0006453509558923542,"val_rmse_theta_deg":0.7342750430107117,"test_rmse_vm_pu":0.016277836946149666,"train_loss_phys":0,"_timestamp":1.7614048034273584e+09,"train_loss_theta":9.750181869514144e-05,"val_loss_mse":0.0006453509558923542,"train_loss_mse":0.0003813509829342365,"train_loss_temp":0,"_step":59,"train_loss_vm":0.00018634733957393715,"epoch":60,"_wandb":{"runtime":2},"val_rmse_vm_pu":0.013133415331443151,"learning_rate":0.001,"test_rmse_theta_deg":1.3655782143274944,"best_epoch":60,"_runtime":2}