{"_wandb":{"runtime":6},"val_rmse_theta_deg":1.5803496837615967,"learning_rate":0.001,"test_rmse_theta_deg":1.8390658696492512,"_timestamp":1.7614037483409023e+09,"_step":59,"train_loss_temp":1.3033113237981572e-06,"_runtime":6,"train_loss_phys":0,"best_val_loss_mse":0.0016139074983639698,"test_rmse_vm_pu":0.009513412912686666,"epoch":60,"val_rmse_vm_pu":0.009078265478213629,"val_loss_mse":0.001618012348472169,"best_epoch":59,"train_loss_mse":0.001350589201021462}