{"train_loss_mse":0.000737823513097679,"train_loss_vm":0.00027277693525553704,"epoch":60,"val_rmse_theta_deg":0.9891535341739655,"_wandb":{"runtime":2},"_timestamp":1.76140516218827e+09,"val_rmse_vm_pu":0.016793545335531235,"test_rmse_vm_pu":0.0210191011428833,"_step":59,"best_epoch":57,"best_val_loss_mse":0.0010591207784741666,"train_loss_theta":0.00023252328593606272,"train_loss_temp":0,"_runtime":2,"train_loss_phys":0,"learning_rate":0.001,"test_rmse_theta_deg":1.9325897693634033,"val_loss_mse":0.0011349913300805245}