{"tr_total_approx":9.036680873826642,"test_vm_rmse":0.3958324094613393,"tr_res":7.597446494748878,"tr_wls":0.1100380818049113,"val_vm_rmse":0.3632359007994334,"_timestamp":1.761044486338519e+09,"_runtime":426,"_wandb":{"runtime":426},"tr_smooth":0.0802473192795729,"val_loss":9.75850132786118,"_step":100,"tr_op":0.3082084067356892,"test_th_rmse":4.245219151178996,"val_th_rmse":2.8006038665771484,"tr_tmp":9.192077432556126e-05,"tr_pf":0.9406486504832647}