{"tr_pf":0.6274387985585748,"tr_res":6.051332493810714,"val_vm_rmse":0.27083511650562286,"test_vm_rmse":0.31811169783274335,"_runtime":428,"_wandb":{"runtime":428},"tr_smooth":0.10896793275307386,"_timestamp":1.7610379452223577e+09,"tr_wls":0.07073293492580071,"tr_op":0.23626065636292481,"val_loss":7.151638920171203,"val_th_rmse":3.034110983212789,"tr_tmp":0.0001179586955307362,"test_th_rmse":4.811728000640869,"tr_total_approx":7.094850775106617,"_step":100}