{"train_loss_total":0.8467574800848341,"_timestamp":1.7613984193208663e+09,"best_val_loss_mse":0.0021699710826699934,"train_loss_mse":0.002506041410379112,"val_rmse_vm_pu":0.010301591207583746,"_wandb":{"runtime":12},"best_epoch":45,"_runtime":12,"epoch":60,"learning_rate":0.00025,"train_loss_physics":1.7314533292881051,"val_loss_mse":0.0029510889823238053,"val_rmse_theta_deg":2.1579527854919434,"_step":59}