{"val_loss_mse":0.003219361649826169,"best_epoch":58,"_runtime":11,"best_val_loss_mse":0.002548457278559605,"_wandb":{"runtime":11},"val_rmse_theta_deg":2.221459229787191,"learning_rate":0.00025,"_timestamp":1.761398974890413e+09,"train_loss_total":0.6451651074922696,"_step":59,"epoch":60,"train_loss_physics":1.747071229007527,"train_loss_mse":0.002781482902355492,"val_rmse_vm_pu":0.014330351104338964}