{"val_loss_mse":0.002452425221263459,"test_rmse_theta_deg":2.346804141998291,"val_rmse_theta_deg":1.9578921794891357,"val_rmse_vm_pu":0.011457537300884724,"_runtime":5,"best_val_loss_mse":0.0024460234439395595,"train_loss_mse":0.002070683800878051,"_timestamp":1.7613995765910099e+09,"epoch":60,"test_rmse_vm_pu":0.012940330430865288,"train_loss_temp":8.152872612462932e-07,"_step":59,"learning_rate":0.0001,"_wandb":{"runtime":5},"train_loss_phys":0,"best_epoch":59}