{"best_val_loss_mse":0.0012194077434921355,"train_loss_mse":0.0010123461968480395,"train_loss_phys":0,"_wandb":{"runtime":5},"epoch":60,"_runtime":5,"val_rmse_vm_pu":0.00806290004402399,"val_loss_mse":0.0012194077434921355,"best_epoch":60,"test_rmse_theta_deg":1.60724675655365,"test_rmse_vm_pu":0.009016418363898993,"_timestamp":1.761403876011572e+09,"val_rmse_theta_deg":1.3522041241327922,"train_loss_temp":1.4454446605108947e-06,"_step":59,"learning_rate":0.001}