{"val_rmse_vm_pu":0.01098126545548439,"learning_rate":0.00025,"_step":59,"train_loss_mse":0.0031658757167557874,"best_val_loss_mse":0.0022415562998503447,"epoch":60,"val_loss_mse":0.002648918656632304,"_runtime":17,"best_epoch":43,"val_rmse_theta_deg":2.0371572971343994,"train_loss_total":0.6086295455908602,"_timestamp":1.7613977663640885e+09,"_wandb":{"runtime":17},"train_loss_physics":1.4232291455081254}