{"val_rmse_theta_deg":1.5275333325068157,"_step":59,"epoch":60,"best_epoch":60,"val_loss_mse":0.0015517986224343379,"train_loss_physics":1.6948339943995379,"_timestamp":1.761398481719079e+09,"_wandb":{"runtime":11},"_runtime":11,"train_loss_mse":0.0013793849328067153,"learning_rate":0.00025,"best_val_loss_mse":0.0015517986224343379,"val_rmse_vm_pu":0.011077861301600933,"train_loss_total":1.2853839881150968}