{"_runtime":2,"_timestamp":1.7612923016460147e+09,"_wandb":{"runtime":2},"val_rmse_theta_deg":8.511522134145102,"train_loss_total":4.531825635411599,"train_loss_mse":0.06529474518715571,"val_loss_mse":0.0451500304043293,"best_val_loss_mse":0.0451500304043293,"epoch":2,"val_rmse_vm_pu":0.028826836289630994,"learning_rate":0.0005,"best_epoch":2,"_step":1,"train_loss_physics":3.878878182250519}