{"_wandb":{"runtime":5},"val_loss_mse":0.0016120861347934062,"best_val_loss_mse":0.0016037158237657313,"_timestamp":1.761403387337795e+09,"train_loss_temp":1.461846231438521e-06,"val_rmse_theta_deg":1.5860734780629475,"learning_rate":0.001,"_runtime":5,"_step":59,"epoch":60,"test_rmse_theta_deg":1.8517865339914958,"train_loss_phys":0,"best_epoch":56,"train_loss_mse":0.001367676483753782,"test_rmse_vm_pu":0.00904271099716425,"val_rmse_vm_pu":0.008046234492212534}