{"_wandb":{"runtime":7},"test_rmse_theta_deg":1.17428191502889,"_step":59,"val_rmse_theta_deg":1.1224740346272786,"test_rmse_vm_pu":0.010931042954325676,"val_loss_mse":0.0008929846296792455,"best_epoch":57,"epoch":60,"train_loss_temp":1.2432283256202936e-06,"train_loss_mse":0.0005493912732419678,"train_loss_phys":0,"learning_rate":0.001,"best_val_loss_mse":0.000710472900236985,"_timestamp":1.7614036363896778e+09,"val_rmse_vm_pu":0.010447320838769278,"_runtime":7}