{"train_loss_total":1.938106781259312,"train_loss_physics":1.72937799482203,"val_rmse_vm_pu":0.011172040676077208,"_wandb":{"runtime":11},"val_rmse_theta_deg":1.99795397122701,"best_val_loss_mse":0.0024806161721547446,"best_epoch":57,"_step":59,"train_loss_mse":0.002390361065044999,"val_loss_mse":0.002565984536583225,"epoch":60,"_timestamp":1.7613983884693239e+09,"learning_rate":0.00025,"_runtime":11}