{"epoch":60,"val_loss_mse":0.02694311924278736,"train_loss_physics":2.12510296211864,"learning_rate":2.5e-05,"_step":59,"train_loss_total":3.4139756169300326,"val_rmse_theta_deg":6.443326473236084,"best_epoch":31,"_runtime":10,"train_loss_mse":0.024924660474061965,"val_rmse_vm_pu":0.04061829298734665,"best_val_loss_mse":0.02136177010834217,"_wandb":{"runtime":10},"_timestamp":1.7613981434883497e+09}