{"train_loss_phys":0,"test_rmse_theta_deg":1.1629594961802165,"val_loss_mse":0.0006936027996496043,"test_rmse_vm_pu":0.011312394713362059,"best_epoch":60,"_step":59,"_timestamp":1.7614033559377503e+09,"_wandb":{"runtime":6},"train_loss_temp":1.2276725235493266e-06,"val_rmse_theta_deg":0.9739476442337036,"best_val_loss_mse":0.0006936027996496043,"_runtime":6,"train_loss_mse":0.0005999384253906707,"epoch":60,"learning_rate":0.001,"val_rmse_vm_pu":0.01033887236068646}