{"best_epoch":58,"val_rmse_theta_deg":2.311464786529541,"val_rmse_vm_pu":0.011841091016928354,"learning_rate":0.000125,"train_loss_physics":1.2822197012157175,"epoch":60,"val_loss_mse":0.003402102661008636,"train_loss_mse":0.0022067831712774934,"_timestamp":1.7613780252393687e+09,"_step":59,"_runtime":11,"_wandb":{"runtime":11},"train_loss_total":1.3042875325792465,"best_val_loss_mse":0.002161440090276301}