{"train_loss_total":1.3002258213421172,"best_epoch":57,"_runtime":13,"val_loss_mse":0.003244263818487525,"learning_rate":0.00025,"best_val_loss_mse":0.0027611167170107365,"epoch":60,"_wandb":{"runtime":13},"train_loss_mse":0.0025784365522364774,"train_loss_physics":1.3544892576034038,"val_rmse_theta_deg":2.2178022861480713,"val_rmse_vm_pu":0.01573697291314602,"_timestamp":1.7613974645524938e+09,"_step":59}