{"tr_tmp":8.615725248371466e-05,"tr_total_approx":7.022309974949436,"_timestamp":1.7610427432011695e+09,"tr_pf":0.4252459998228573,"val_th_rmse":2.650832255681356,"val_vm_rmse":0.34297971924146015,"_wandb":{"runtime":427},"tr_smooth":0.06889564563066532,"test_vm_rmse":0.37962931394577026,"tr_wls":0.11467491969084129,"_runtime":427,"val_loss":7.080168810685662,"test_th_rmse":3.7263947327931723,"tr_op":0.3127656403260353,"_step":100,"tr_res":6.100641612226552}