{"epoch":60,"val_rmse_theta_deg":1.5548359950383503,"train_loss_temp":1.247352551777462e-06,"_step":59,"_timestamp":1.7614034227367277e+09,"_runtime":6,"test_rmse_vm_pu":0.011333356611430645,"train_loss_mse":0.0005668070218048226,"best_val_loss_mse":0.0006339035991748625,"test_rmse_theta_deg":1.1084706783294678,"learning_rate":0.001,"val_loss_mse":0.0016012848919313965,"best_epoch":59,"val_rmse_vm_pu":0.010549454018473625,"_wandb":{"runtime":6},"train_loss_phys":0}