{"train_loss_mse":0.0017107902560383082,"_timestamp":1.761398445952618e+09,"train_loss_physics":1.2372706902855124,"best_val_loss_mse":0.0021843882277607918,"_runtime":9,"learning_rate":0.00025,"_wandb":{"runtime":9},"best_epoch":60,"train_loss_total":1.0114238455982,"val_loss_mse":0.0021843882277607918,"val_rmse_theta_deg":1.8284072279930115,"epoch":60,"_step":59,"val_rmse_vm_pu":0.012085830327123404}