{"epoch":60,"train_loss_total":1.9974978080318901,"best_val_loss_mse":0.002441262515882651,"_runtime":11,"learning_rate":0.00025,"best_epoch":60,"_timestamp":1.7613985824090934e+09,"val_loss_mse":0.002441262515882651,"_step":59,"train_loss_mse":0.0020379376015625893,"_wandb":{"runtime":11},"val_rmse_theta_deg":1.9523506959279378,"train_loss_physics":1.3772815374857859,"val_rmse_vm_pu":0.010485425591468811}