{"val_rmse_theta_deg":0.989705224831899,"_step":59,"train_loss_phys":0,"_runtime":6,"learning_rate":0.001,"train_loss_mse":0.0005559364799410105,"best_epoch":59,"train_loss_temp":1.2647081593268713e-06,"test_rmse_theta_deg":1.154441734155019,"_wandb":{"runtime":6},"best_val_loss_mse":0.0006824541082041281,"val_rmse_vm_pu":0.01042360874513785,"test_rmse_vm_pu":0.011265338398516178,"epoch":60,"val_loss_mse":0.0007207886153606303,"_timestamp":1.7614031489578202e+09}