{"best_val_loss_mse":0.002583614783361554,"train_loss_total":0.5236665711449706,"_step":59,"learning_rate":0.00025,"val_rmse_theta_deg":2.021965980529785,"train_loss_mse":0.002462864201515913,"best_epoch":53,"_wandb":{"runtime":17},"epoch":60,"_runtime":17,"train_loss_physics":1.2263350646858722,"val_loss_mse":0.0025981846265494823,"val_rmse_vm_pu":0.01036444865167141,"_timestamp":1.7613978189116974e+09}