{"learning_rate":0.00025,"train_loss_total":0.48471702759618324,"best_val_loss_mse":0.0025565001415088773,"val_rmse_vm_pu":0.011475975159555674,"_step":59,"_timestamp":1.7613988052701375e+09,"epoch":60,"_wandb":{"runtime":8},"train_loss_physics":1.728638095106713,"val_rmse_theta_deg":1.99867182970047,"train_loss_mse":0.002379439165815711,"best_epoch":50,"_runtime":8,"val_loss_mse":0.0025662664556875825}