{"best_val_loss_mse":0.002141199423931539,"_wandb":{"runtime":9},"val_loss_mse":0.0027000277768820524,"train_loss_total":0.7847315953186903,"learning_rate":0.00025,"_step":59,"epoch":60,"_timestamp":1.7613983031319246e+09,"val_rmse_theta_deg":2.051360607147217,"train_loss_physics":1.2736845007606146,"val_rmse_vm_pu":0.011625222396105528,"best_epoch":44,"_runtime":9,"train_loss_mse":0.0022658968111500142}