{"val_loss_mse":0.0026078633964061737,"epoch":60,"train_loss_mse":0.0021636028541252017,"val_rmse_vm_pu":0.011360111646354198,"learning_rate":0.00025,"_wandb":{"runtime":8},"train_loss_total":0.7025731118894274,"_timestamp":1.7613990192447443e+09,"val_rmse_theta_deg":2.0167375802993774,"_step":59,"best_val_loss_mse":0.0025436279829591513,"best_epoch":54,"_runtime":8,"train_loss_physics":1.707783288139695}