{"train_loss_phys":0,"train_loss_theta":0.00018021432147062838,"_runtime":1,"_wandb":{"runtime":1},"_step":59,"learning_rate":0.001,"test_rmse_theta_deg":1.620966374874115,"best_epoch":60,"test_rmse_vm_pu":0.018892036750912666,"train_loss_mse":0.0005936465891770637,"_timestamp":1.7614051144562485e+09,"val_rmse_vm_pu":0.013981206808239222,"train_loss_temp":0,"train_loss_vm":0.00023321794063891642,"val_loss_mse":0.0007988004795289739,"epoch":60,"val_rmse_theta_deg":0.8097432255744934,"best_val_loss_mse":0.0007988004795289739}