{"_wandb":{"runtime":5},"best_epoch":60,"val_rmse_theta_deg":1.3206909497578938,"val_loss_mse":0.0011628744241809754,"test_rmse_vm_pu":0.009046009586503109,"test_rmse_theta_deg":1.5587811470031738,"_runtime":5,"train_loss_mse":0.0009508149740166771,"best_val_loss_mse":0.0011628744241809754,"_timestamp":1.761403818266114e+09,"val_rmse_vm_pu":0.008073808314899603,"train_loss_temp":1.3894908673906825e-06,"train_loss_phys":0,"epoch":60,"learning_rate":0.001,"_step":59}