{"best_val_loss_mse":0.001639078720472753,"val_rmse_theta_deg":1.586342215538025,"_timestamp":1.7613973581375334e+09,"best_epoch":60,"_wandb":{"runtime":17},"val_loss_mse":0.001639078720472753,"train_loss_mse":0.0014309943653643131,"_runtime":17,"_step":59,"epoch":60,"train_loss_total":0.25272641661406986,"val_rmse_vm_pu":0.010293216444551945,"learning_rate":0.000125,"train_loss_physics":1.380083842909791}