{"train_loss_physics":1.134570663019907,"best_val_loss_mse":0.0014170180074870586,"_runtime":12,"val_loss_mse":0.0014170180074870586,"learning_rate":0.000125,"train_loss_total":0.9216433896467038,"_timestamp":1.761398948424386e+09,"epoch":60,"val_rmse_theta_deg":1.4507403373718262,"_step":59,"train_loss_mse":0.0012819340103305877,"val_rmse_vm_pu":0.011311798666914305,"best_epoch":60,"_wandb":{"runtime":12}}