{"val_rmse_theta_deg":1.84454079469045,"train_loss_mse":0.0018876171088777483,"train_loss_physics":1.700012995831426,"train_loss_total":0.897411924011869,"_wandb":{"runtime":11},"val_rmse_vm_pu":0.011224732113381227,"_runtime":11,"learning_rate":0.00025,"val_loss_mse":0.00220833831311514,"_step":59,"epoch":60,"_timestamp":1.7613987098038201e+09,"best_val_loss_mse":0.00220833831311514,"best_epoch":60}