{"_wandb":{"runtime":5},"train_loss_phys":0,"_timestamp":1.7614032043858268e+09,"learning_rate":0.001,"_step":59,"train_loss_mse":0.0010474807946966626,"best_epoch":60,"val_loss_mse":0.0012447457499519894,"epoch":60,"test_rmse_vm_pu":0.00903304386883974,"val_rmse_vm_pu":0.008099100397278866,"test_rmse_theta_deg":1.6324787139892578,"best_val_loss_mse":0.0012447457499519894,"train_loss_temp":1.4569822800088634e-06,"val_rmse_theta_deg":1.3697642087936401,"_runtime":5}