{"_timestamp":1.7610370701881022e+09,"_wandb":{"runtime":427},"val_th_rmse":2.8387979666392007,"_step":100,"val_vm_rmse":0.21864833931128183,"tr_total_approx":6.509292435032847,"tr_res":5.560131385118654,"tr_tmp":0.0001127092288627934,"tr_op":0.19020656935679606,"tr_wls":0.049785205377982214,"test_vm_rmse":0.25946246087551117,"_runtime":427,"val_loss":6.6997498160503355,"tr_pf":0.6145755188031929,"tr_smooth":0.09448104714735961,"test_th_rmse":4.44527022043864}