{"learning_rate":0.00025,"best_epoch":59,"best_val_loss_mse":0.002888500690460205,"train_loss_physics":1.5513988605645366,"_timestamp":1.7613976582110832e+09,"_wandb":{"runtime":17},"val_loss_mse":0.0029586825985461473,"_runtime":17,"train_loss_total":1.837711675932388,"_step":59,"val_rmse_vm_pu":0.010828254744410515,"epoch":60,"val_rmse_theta_deg":2.159614324569702,"train_loss_mse":0.002497168801104029}