{"best_val_loss_mse":0.001037355171953977,"_wandb":{"runtime":5},"train_loss_temp":1.5842977967249447e-06,"test_rmse_theta_deg":1.4724005063374836,"val_rmse_vm_pu":0.008256589062511921,"test_rmse_vm_pu":0.009032710610578457,"val_rmse_theta_deg":1.473905881245931,"train_loss_mse":0.001147201872812823,"val_loss_mse":0.0014219196781403189,"best_epoch":57,"learning_rate":0.001,"_step":59,"train_loss_phys":0,"_timestamp":1.761403313588395e+09,"_runtime":5,"epoch":60}