{"_step":59,"_timestamp":1.7614047604477196e+09,"train_loss_mse":0.000724424088660341,"val_loss_mse":0.0009301758784038776,"learning_rate":0.0005,"_wandb":{"runtime":1},"test_rmse_vm_pu":0.02179094683378935,"val_rmse_vm_pu":0.014881821814924479,"test_rmse_theta_deg":1.936314344406128,"train_loss_temp":0,"best_val_loss_mse":0.0009301758784038776,"val_rmse_theta_deg":0.8594147264957428,"train_loss_phys":0,"train_loss_theta":0.00022674732108731777,"epoch":60,"best_epoch":60,"_runtime":1,"train_loss_vm":0.0002709294464857055}