{"epoch":60,"train_loss_phys":0,"_wandb":{"runtime":6},"best_val_loss_mse":0.0015974285073973465,"test_rmse_theta_deg":1.8387196063995361,"val_loss_mse":0.0015974285073973465,"_runtime":6,"val_rmse_theta_deg":1.57247527440389,"train_loss_mse":0.001341784593816369,"_timestamp":1.7613995391183202e+09,"train_loss_temp":1.2616948080717404e-06,"_step":59,"best_epoch":60,"val_rmse_vm_pu":0.008776583087941011,"learning_rate":0.001,"test_rmse_vm_pu":0.00930391779790322}