{"_wandb":{"runtime":7},"best_epoch":60,"_timestamp":1.7613972873866436e+09,"val_rmse_vm_pu":0.012472475878894329,"train_loss_mse":0.0024144817143678665,"val_loss_mse":0.0026514767669141293,"_runtime":7,"train_loss_physics":1.1902477205036797,"val_rmse_theta_deg":2.0237536430358887,"learning_rate":0.000125,"_step":59,"epoch":60,"train_loss_total":0.6266947489728919,"best_val_loss_mse":0.0026514767669141293}