{"val_rmse_vm_pu":0.01043310792495807,"_timestamp":1.7613983273285809e+09,"epoch":60,"_step":59,"val_loss_mse":0.0018129715075095494,"best_val_loss_mse":0.0014936404768377542,"_wandb":{"runtime":12},"learning_rate":0.000125,"_runtime":12,"train_loss_total":2.132544761145662,"best_epoch":51,"val_rmse_theta_deg":1.6684809923171997,"train_loss_physics":1.2656590142370026,"train_loss_mse":0.0016754838055931033}