{"val_loss_mse":0.0024164561182260513,"val_rmse_theta_deg":1.949905514717102,"best_val_loss_mse":0.0018632712308317423,"_wandb":{"runtime":12},"_runtime":12,"_step":59,"epoch":60,"_timestamp":1.761397631220507e+09,"best_epoch":57,"learning_rate":0.00025,"val_rmse_vm_pu":0.010003229603171349,"train_loss_physics":1.3417476643215007,"train_loss_mse":0.002164707169868052,"train_loss_total":0.4892410823237815}