{"_runtime":12,"_timestamp":1.761398897796778e+09,"val_rmse_theta_deg":2.4481730461120605,"train_loss_mse":0.002187621942721307,"epoch":60,"train_loss_total":0.771962587254692,"train_loss_physics":1.7315847853764006,"_step":59,"best_epoch":59,"best_val_loss_mse":0.002447270400201281,"_wandb":{"runtime":12},"val_rmse_vm_pu":0.012695892713963985,"val_loss_mse":0.003819222872455915,"learning_rate":0.00025}