{"_runtime":6,"test_rmse_vm_pu":0.011481929570436478,"val_loss_mse":0.0006612669112104359,"epoch":60,"_step":59,"val_rmse_vm_pu":0.010410272826751074,"val_rmse_theta_deg":0.9466941754023234,"best_epoch":60,"_wandb":{"runtime":6},"train_loss_temp":1.1970502363020876e-06,"best_val_loss_mse":0.0006612669112104359,"_timestamp":1.7614035451657135e+09,"train_loss_phys":0,"test_rmse_theta_deg":1.1295196215311687,"learning_rate":0.001,"train_loss_mse":0.0006574821585299781}