{"val_rmse_theta_deg":2.2771172523498535,"val_rmse_vm_pu":0.01074788998812437,"epoch":60,"train_loss_physics":1.3576835728551215,"best_val_loss_mse":0.002066844841465354,"best_epoch":50,"train_loss_total":0.8879646496259544,"val_loss_mse":0.003274560207501054,"learning_rate":0.00025,"_runtime":17,"train_loss_mse":0.0028565775137394667,"_wandb":{"runtime":17},"_timestamp":1.761397793116882e+09,"_step":59}