{"epoch":60,"train_loss_theta":0.0002963037210671852,"val_loss_mse":0.0012506786804420478,"val_rmse_theta_deg":1.065989762544632,"_runtime":2,"train_loss_phys":0,"_step":59,"val_rmse_vm_pu":0.015998574905097485,"best_epoch":59,"_timestamp":1.7614049512340145e+09,"train_loss_temp":0,"train_loss_vm":0.0002791715423182513,"learning_rate":0.001,"test_rmse_theta_deg":1.9478657841682434,"train_loss_mse":0.0008717789971389067,"_wandb":{"runtime":2},"test_rmse_vm_pu":0.022185053676366806,"best_val_loss_mse":0.0011359403636588743}