{"val_rmse_vm_pu":0.008285187650471926,"epoch":80,"best_epoch":79,"train_loss_phys":0,"test_rmse_vm_pu":0.009301634350170692,"_wandb":{"runtime":8},"train_loss_temp":1.6638941873773151e-06,"_runtime":8,"val_loss_mse":0.0004400875221825007,"best_val_loss_mse":0.00043152756530396414,"train_loss_mse":0.0003566947647740539,"_timestamp":1.76145488433423e+09,"val_rmse_theta_deg":0.7718129754066467,"_step":79,"test_rmse_theta_deg":0.9121526479721069,"learning_rate":0.001}