{"_runtime":17,"epoch":60,"train_loss_mse":0.00477409230855604,"train_loss_total":0.564613043791804,"val_loss_mse":0.0040662712417542934,"learning_rate":0.00025,"val_rmse_vm_pu":0.012970278970897198,"val_rmse_theta_deg":2.529478073120117,"best_val_loss_mse":0.0025826571509242058,"best_epoch":43,"_wandb":{"runtime":17},"train_loss_physics":1.413205521212496,"_step":59,"_timestamp":1.7613974956631901e+09}