{"val_rmse_vm_pu":0.01526403147727251,"train_loss_temp":0,"test_rmse_theta_deg":2.0752333998680115,"best_val_loss_mse":0.0012209836224263365,"train_loss_phys":0,"epoch":60,"test_rmse_vm_pu":0.022551600821316242,"val_loss_mse":0.0012209836224263365,"train_loss_mse":0.0008467353271463743,"_wandb":{"runtime":2},"train_loss_theta":0.0002941395766519679,"learning_rate":0.001,"val_rmse_theta_deg":1.0694254040718079,"_step":59,"_timestamp":1.7614046965230436e+09,"best_epoch":60,"_runtime":2,"train_loss_vm":0.0002584561566786411}