{"train_loss_mse":0.0034987039398401976,"_step":59,"_timestamp":1.7613976042148914e+09,"_wandb":{"runtime":17},"learning_rate":0.000125,"best_val_loss_mse":0.0020120209082961082,"_runtime":17,"best_epoch":57,"train_loss_physics":1.3730608039906373,"epoch":60,"val_rmse_vm_pu":0.010316827334463596,"train_loss_total":1.0556014773891862,"val_loss_mse":0.004113239701837301,"val_rmse_theta_deg":2.5645227432250977}