{"_runtime":12,"train_loss_mse":0.0021899165585637093,"val_loss_mse":0.0022451028926298022,"learning_rate":0.000125,"_step":59,"train_loss_physics":1.1497839533662102,"best_val_loss_mse":0.001755180846278866,"best_epoch":41,"train_loss_total":0.7677108009858671,"_timestamp":1.7613986636104872e+09,"epoch":60,"val_rmse_theta_deg":1.8595997492472331,"val_rmse_vm_pu":0.011341020464897156,"_wandb":{"runtime":12}}