{"_wandb":{"runtime":6},"train_loss_phys":0,"val_rmse_vm_pu":0.010461442172527313,"test_rmse_vm_pu":0.011338919090727964,"train_loss_mse":0.0005900583615025076,"val_rmse_theta_deg":1.1491179466247559,"best_val_loss_mse":0.0007111010543832725,"train_loss_temp":1.2259480516336341e-06,"val_loss_mse":0.0009280916437450232,"_step":59,"test_rmse_theta_deg":1.1787292957305908,"learning_rate":0.001,"_runtime":6,"best_epoch":59,"_timestamp":1.761403372192499e+09,"epoch":60}