{"_step":59,"best_val_loss_mse":0.0006880513392388821,"val_rmse_theta_deg":0.9921315908432007,"learning_rate":0.001,"test_rmse_vm_pu":0.010904908801118532,"_timestamp":1.7614031886812012e+09,"train_loss_mse":0.0005777026377379512,"best_epoch":57,"_wandb":{"runtime":6},"val_loss_mse":0.0007166066101159562,"epoch":60,"train_loss_temp":1.1646274847757572e-06,"val_rmse_vm_pu":0.010414469055831432,"train_loss_phys":0,"test_rmse_theta_deg":1.155021111170451,"_runtime":6}