{"val_rmse_vm_pu":0.013843908905982971,"_wandb":{"runtime":1},"train_loss_theta":0.000179796228528572,"train_loss_temp":0,"_timestamp":1.761404851703844e+09,"_step":59,"test_rmse_theta_deg":1.6239615082740784,"train_loss_phys":0,"train_loss_vm":0.00022680431161111651,"test_rmse_vm_pu":0.01854862365871668,"best_epoch":60,"learning_rate":0.001,"epoch":60,"train_loss_mse":0.0005863967593401098,"best_val_loss_mse":0.0008180530911142176,"val_rmse_theta_deg":0.8226985931396484,"_runtime":1,"val_loss_mse":0.0008180530911142176}