{"tr_pf":2.3605051113288167,"tr_op":0.0768172507866835,"tr_wls":0.008763946807728363,"val_loss":7.5374718941438905,"tr_tmp":0.0001842580923738961,"tr_smooth":3.1827757969880714,"_timestamp":1.7610388143333356e+09,"test_th_rmse":9.10430097579956,"tr_res":6.860094060844133,"val_vm_rmse":0.11637955904006958,"tr_total_approx":12.489140424847808,"test_vm_rmse":0.15592760344346365,"val_th_rmse":5.01596462726593,"_wandb":{"runtime":426},"_step":100,"_runtime":426}