{"epoch":60,"_runtime":6,"_timestamp":1.7614037854852362e+09,"test_rmse_vm_pu":0.011318786380191645,"best_val_loss_mse":0.00067149174653671,"train_loss_mse":0.0014455254183700068,"val_loss_mse":0.002344666260548613,"learning_rate":0.001,"best_epoch":59,"val_rmse_vm_pu":0.010641519911587238,"train_loss_phys":0,"test_rmse_theta_deg":1.1395988663037617,"val_rmse_theta_deg":1.929259181022644,"_step":59,"_wandb":{"runtime":6},"train_loss_temp":1.2458690143364201e-06}