{"test_rmse_vm_pu":0.013220642693340778,"learning_rate":0.0005,"train_loss_phys":0,"_timestamp":1.761399559512668e+09,"epoch":60,"val_rmse_theta_deg":1.8921632170677185,"train_loss_temp":9.208130878645394e-07,"train_loss_mse":0.0019249182510882234,"test_rmse_theta_deg":2.259384870529175,"_runtime":3,"best_epoch":59,"_wandb":{"runtime":3},"_step":59,"best_val_loss_mse":0.0022771604796589322,"val_rmse_vm_pu":0.01144846761599183,"val_loss_mse":0.002288476825042656}