{"learning_rate":0.001,"train_loss_mse":0.0011264530595583029,"test_rmse_vm_pu":0.011391440716882547,"val_rmse_vm_pu":0.010538041281203428,"_wandb":{"runtime":63},"train_loss_phys":0,"val_rmse_theta_deg":1.3958762486775715,"val_loss_mse":0.001312576975165443,"train_loss_temp":9.56780925848878e-07,"best_val_loss_mse":0.0007003380204409813,"epoch":60,"_step":59,"_runtime":63,"best_epoch":56,"test_rmse_theta_deg":1.1734220584233601,"_timestamp":1.7614036193058395e+09}