{"train_loss_total":0.6021196117403204,"train_loss_mse":0.0022419819918771586,"val_rmse_theta_deg":2.0516726970672607,"train_loss_physics":1.3071527494502668,"val_rmse_vm_pu":0.01087943185120821,"best_val_loss_mse":0.002625011606141925,"best_epoch":59,"_runtime":13,"_timestamp":1.7613971972197604e+09,"val_loss_mse":0.00268285209313035,"_step":59,"learning_rate":0.00025,"_wandb":{"runtime":13},"epoch":60}