{"val_rmse_vm_pu":0.01055434284110864,"_runtime":5,"train_loss_phys":0,"learning_rate":0.0001,"_timestamp":1.7614038565673819e+09,"val_loss_mse":0.0020391282935937247,"_wandb":{"runtime":5},"train_loss_temp":9.556043137192132e-07,"best_val_loss_mse":0.002031751978916652,"_step":59,"epoch":60,"test_rmse_vm_pu":0.010806096407274405,"val_rmse_theta_deg":1.7769418954849243,"best_epoch":59,"test_rmse_theta_deg":2.0735705296198526,"train_loss_mse":0.0016901726559855235}