{"_runtime":427,"val_loss":7.2195514010065756,"tr_tmp":0.00011608216766781437,"tr_res":6.19527036932218,"test_vm_rmse":0.29700701435407,"_step":100,"test_th_rmse":5.360965728759766,"tr_smooth":0.1406697439841735,"tr_wls":0.06444672476022671,"tr_op":0.22461587801957741,"tr_pf":0.7232556119364811,"tr_total_approx":7.3483744101903055,"val_th_rmse":3.21933376789093,"val_vm_rmse":0.26080968976020813,"_timestamp":1.7610392555477314e+09,"_wandb":{"runtime":427}}