{"_runtime":12,"val_loss_mse":0.0025229239836335182,"_step":59,"train_loss_physics":1.2705504577946738,"val_rmse_theta_deg":1.9934589862823486,"learning_rate":0.00025,"best_epoch":60,"train_loss_total":1.0675132869411605,"epoch":60,"train_loss_mse":0.0022640107199549675,"val_rmse_vm_pu":0.01009449828416109,"best_val_loss_mse":0.0025229239836335182,"_timestamp":1.7613975720892088e+09,"_wandb":{"runtime":12}}