{"best_val_loss_mse":0.0020623982418328524,"best_epoch":54,"epoch":60,"_step":59,"train_loss_physics":1.4105513223793296,"train_loss_mse":0.0023306142538785934,"val_rmse_vm_pu":0.011062000878155231,"_timestamp":1.761397735041574e+09,"_runtime":13,"val_rmse_theta_deg":2.249603748321533,"learning_rate":0.00025,"val_loss_mse":0.0032055331394076347,"_wandb":{"runtime":13},"train_loss_total":0.3742084025204169}