{"train_loss_theta":7.673662893909913e-05,"_step":59,"best_epoch":60,"_timestamp":1.761405017878879e+09,"val_loss_mse":0.0006491034723832413,"val_rmse_theta_deg":0.6966181099414825,"epoch":60,"best_val_loss_mse":0.0006491034723832413,"train_loss_temp":0,"_runtime":3,"val_rmse_vm_pu":0.012779118803640207,"train_loss_phys":0,"test_rmse_theta_deg":1.5003137985865276,"test_rmse_vm_pu":0.01704027907301982,"_wandb":{"runtime":3},"train_loss_vm":0.00015219422997548603,"train_loss_mse":0.0003056674927043227,"learning_rate":0.001}