{"train_loss_temp":1.6265257785655708e-06,"_timestamp":1.7614550229887264e+09,"val_loss_mse":0.00048459741766705656,"val_rmse_theta_deg":0.810436487197876,"test_rmse_theta_deg":0.9531529744466146,"train_loss_mse":0.0003873673655713598,"_runtime":7,"train_loss_phys":0,"_wandb":{"runtime":7},"val_rmse_vm_pu":0.008258641387025515,"_step":79,"best_epoch":71,"test_rmse_vm_pu":0.00938824408998092,"learning_rate":0.001,"epoch":80,"best_val_loss_mse":0.00045975929507139057}