{"val_rmse_theta_deg":2.048461675643921,"_step":59,"train_loss_physics":1.3134625167917278,"epoch":60,"_wandb":{"runtime":11},"train_loss_mse":0.0023469175988187394,"val_rmse_vm_pu":0.010359011590480804,"best_val_loss_mse":0.002663777209818363,"best_epoch":60,"_runtime":11,"train_loss_total":1.1756063796677463,"val_loss_mse":0.002663777209818363,"learning_rate":0.00025,"_timestamp":1.7613973091151962e+09}