{"val_rmse_vm_pu":0.015705623663961887,"test_rmse_vm_pu":0.021184340119361877,"train_loss_vm":0.0002570109869478844,"_runtime":2,"best_epoch":56,"train_loss_mse":0.0007090659644932319,"train_loss_theta":0.00022602748858611076,"learning_rate":0.001,"test_rmse_theta_deg":1.8086047768592834,"best_val_loss_mse":0.0010326700637850797,"_timestamp":1.76140472891242e+09,"train_loss_phys":0,"_wandb":{"runtime":2},"val_rmse_theta_deg":0.9999911785125732,"_step":59,"epoch":60,"val_loss_mse":0.0011211076335078387,"train_loss_temp":0}