{"best_val_loss_mse":0.0023048576743652425,"val_loss_mse":0.0025166451620558896,"train_loss_total":0.4954241089530565,"val_rmse_vm_pu":0.009979753444592157,"_wandb":{"runtime":12},"_runtime":12,"val_rmse_theta_deg":1.9879690408706665,"epoch":60,"train_loss_physics":1.1905127441600298,"train_loss_mse":0.002119115344248712,"learning_rate":0.000125,"_timestamp":1.7613987313344486e+09,"best_epoch":17,"_step":59}