{"_wandb":{"runtime":427},"tr_smooth":0.16836652217003015,"_step":100,"tr_total_approx":7.855182498796928,"tr_res":6.2948764529722165,"val_vm_rmse":0.19849676887194315,"val_th_rmse":4.126837650934855,"tr_tmp":0.00015889202805761344,"test_vm_rmse":0.23910354574521384,"_timestamp":1.7610440519439573e+09,"val_loss":6.91021633284801,"tr_pf":1.2138542523467932,"tr_op":0.14246327028824732,"test_th_rmse":6.576987902323405,"_runtime":427,"tr_wls":0.03546310899158319}