{"val_rmse_theta_deg":6.123268127441406,"val_rmse_vm_pu":0.017528874799609184,"best_val_loss_mse":0.019373593851923943,"_wandb":{"runtime":13},"_runtime":13,"train_loss_physics":2.438825116410032,"epoch":60,"learning_rate":2.5e-05,"best_epoch":20,"_step":59,"train_loss_total":1.4614692356372778,"val_loss_mse":0.023150160908699036,"_timestamp":1.761398076551418e+09,"train_loss_mse":0.020476093515753746}