{"learning_rate":0.0001,"val_loss_mse":0.006960013881325722,"train_loss_mse":0.0032962090335786343,"train_loss_temp":0,"test_rmse_theta_deg":3.599533796310425,"_step":59,"_wandb":{"runtime":3},"train_loss_phys":0,"best_epoch":60,"_runtime":3,"train_loss_theta":0.0013857968457925477,"_timestamp":1.7614047775605454e+09,"best_val_loss_mse":0.006960013881325722,"test_rmse_vm_pu":0.024279236793518066,"val_rmse_theta_deg":3.253779172897339,"val_rmse_vm_pu":0.022583097219467163,"epoch":60,"train_loss_vm":0.0005246153573113444}