{"val_vm_rmse":0.24548774460951486,"val_th_rmse":3.1806095441182456,"tr_total_approx":8.356396303125347,"tr_tmp":0.00012255870984891095,"tr_pf":1.188091548598093,"_runtime":426,"tr_op":0.1983522612314958,"val_loss":8.194948014296356,"_wandb":{"runtime":426},"tr_smooth":0.10684640036943631,"test_vm_rmse":0.29008981585502625,"_step":100,"tr_res":6.8052675395046025,"_timestamp":1.7610423089084928e+09,"test_th_rmse":4.791980743408203,"tr_wls":0.0577159947118698}