{"val_th_rmse":3.1534220377604165,"test_th_rmse":4.90648619333903,"_timestamp":1.7610375026735208e+09,"val_vm_rmse":0.2691836506128311,"tr_res":5.972523492463401,"_step":100,"tr_pf":0.5757613916327969,"tr_wls":0.0708636456193068,"tr_op":0.23809794126412806,"tr_tmp":0.00011370599251956894,"_runtime":424,"val_loss":7.083507116985662,"test_vm_rmse":0.3074651261170705,"tr_total_approx":6.970118442828137,"tr_smooth":0.11275826585598481,"_wandb":{"runtime":424}}