{"_wandb":{"runtime":9},"epoch":60,"train_loss_physics":1.880963895763114,"val_rmse_theta_deg":5.837557792663574,"_timestamp":1.7613982104081028e+09,"val_rmse_vm_pu":0.025905657559633255,"best_val_loss_mse":0.021432049572467804,"train_loss_total":3.4957263253684787,"val_loss_mse":0.021432049572467804,"learning_rate":2.5e-05,"train_loss_mse":0.019677123799920083,"_runtime":9,"_step":59,"best_epoch":60}