{"_timestamp":1.7610431803021066e+09,"tr_total_approx":6.878015757043909,"_wandb":{"runtime":428},"tr_tmp":8.509620592798083e-05,"_runtime":428,"tr_wls":0.10795230189195046,"tr_pf":0.4398893007677671,"test_th_rmse":3.7783841292063394,"tr_res":5.957646329648889,"tr_smooth":0.07179217546796188,"val_loss":6.98008951461238,"tr_op":0.3006505530614119,"val_th_rmse":2.691420634587606,"test_vm_rmse":0.3512570957342784,"val_vm_rmse":0.32873426874478656,"_step":100}