{"val_loss_mse":0.0012615193845704198,"learning_rate":0.000125,"best_epoch":60,"_step":59,"val_rmse_theta_deg":1.3724060853322346,"_wandb":{"runtime":11},"_runtime":11,"train_loss_physics":1.120983657959858,"train_loss_total":0.4889937526059048,"epoch":60,"train_loss_mse":0.0010466792853549122,"val_rmse_vm_pu":0.010333053146799406,"_timestamp":1.76139818203172e+09,"best_val_loss_mse":0.0012615193845704198}