{"tr_op":0.2518338221005904,"_timestamp":1.761036634227343e+09,"tr_tmp":0.0001393390934353169,"_step":100,"val_th_rmse":3.96887743473053,"tr_pf":0.9597862075542519,"test_th_rmse":6.597121715545654,"test_vm_rmse":0.3402525583902995,"tr_total_approx":9.337394752611635,"tr_wls":0.07789599866821216,"val_vm_rmse":0.2998669544855754,"tr_smooth":0.8306101923569654,"_wandb":{"runtime":427},"tr_res":7.217129192838179,"val_loss":7.610228399991624,"_runtime":427}