{"_step":149,"_wandb":{"runtime":12},"best_epoch":138,"train_loss_phys":1.700022357504108,"val_rmse_vm_pu":0.011294212657958269,"_timestamp":1.7613063760354338e+09,"train_loss_temp":9.128769609863715e-07,"_runtime":12,"learning_rate":3.125e-05,"val_loss_mse":0.002520961799856388,"test_rmse_theta_deg":2.366685152053833,"epoch":150,"train_loss_mse":0.0021027575832051346,"test_rmse_vm_pu":0.013445076532661915,"best_val_loss_mse":0.00250830794120151,"val_rmse_theta_deg":1.9992612600326538,"train_loss_combined":1.7210508460340197}