{"test_th_rmse":9.419744809468588,"val_loss":8.111803190593406,"tr_tmp":0.00023702530858990474,"tr_smooth":3.256891715220916,"tr_op":0.1312169814721132,"_wandb":{"runtime":427},"tr_pf":2.944473926107903,"test_vm_rmse":0.2464288224776586,"val_vm_rmse":0.19772298634052277,"_step":100,"tr_total_approx":13.955275350308662,"tr_wls":0.028144260104268026,"_runtime":427,"val_th_rmse":5.211319367090861,"_timestamp":1.7610449222021487e+09,"tr_res":7.594311442094872}