{"val_rmse_vm_pu":0.00880863144993782,"train_loss_phys":0,"_wandb":{"runtime":6},"_step":59,"best_epoch":58,"learning_rate":0.001,"_timestamp":1.7614034432754295e+09,"_runtime":6,"val_rmse_theta_deg":1.8165061871210735,"best_val_loss_mse":0.002054714611872579,"test_rmse_vm_pu":0.009550550021231174,"val_loss_mse":0.0020903446641045084,"epoch":60,"train_loss_mse":0.001725176256747009,"test_rmse_theta_deg":2.080249309539795,"train_loss_temp":1.265271430967028e-06}