{"_timestamp":1.7614038007805982e+09,"test_rmse_theta_deg":1.5233807563781738,"epoch":60,"train_loss_phys":0,"train_loss_temp":1.4847296311834211e-06,"val_rmse_theta_deg":1.283247947692871,"learning_rate":0.001,"_wandb":{"runtime":5},"val_rmse_vm_pu":0.008007717008392016,"best_val_loss_mse":0.001102285600747123,"best_epoch":60,"_step":59,"val_loss_mse":0.001102285600747123,"train_loss_mse":0.0008939809810656768,"_runtime":5,"test_rmse_vm_pu":0.008952296649416288}