{"_wandb":{"runtime":4},"learning_rate":0.001,"train_loss_temp":1.3495982901263349e-06,"train_loss_mse":0.00164357312501241,"best_epoch":59,"train_loss_phys":0,"test_rmse_theta_deg":2.004623810450236,"_timestamp":1.7614036761439855e+09,"_step":59,"best_val_loss_mse":0.001878319082386566,"val_loss_mse":0.0019371246276987772,"test_rmse_vm_pu":0.0088277041601638,"val_rmse_vm_pu":0.007976517546921968,"_runtime":4,"epoch":60,"val_rmse_theta_deg":1.7488776048024495}