{"train_loss_mse":0.000852989925382038,"val_rmse_vm_pu":0.007971728375802437,"best_val_loss_mse":0.0009801265832996278,"epoch":60,"val_rmse_theta_deg":1.4763893683751423,"test_rmse_vm_pu":0.008969702913115421,"test_rmse_theta_deg":1.4339541991551716,"train_loss_phys":0,"_runtime":5,"_timestamp":1.7614038387270932e+09,"learning_rate":0.001,"train_loss_temp":1.39773139077685e-06,"_step":59,"best_epoch":59,"val_loss_mse":0.0014357615551544409,"_wandb":{"runtime":5}}