{"learning_rate":0.001,"_wandb":{"runtime":6},"epoch":60,"train_loss_phys":0,"train_loss_mse":0.0014410918632235664,"train_loss_temp":1.2797107860233855e-06,"best_val_loss_mse":0.001631302469776887,"val_rmse_theta_deg":1.6002771457036336,"val_rmse_vm_pu":0.008921598084270954,"val_loss_mse":0.0016620502151040869,"test_rmse_vm_pu":0.009385432427128157,"test_rmse_theta_deg":1.8565718332926433,"_step":59,"_timestamp":1.7614034693848364e+09,"best_epoch":59,"_runtime":6}