{"test_rmse_vm_pu":0.0114253219217062,"best_val_loss_mse":0.0006489288661572518,"train_loss_phys":0,"_runtime":6,"train_loss_mse":0.0005472677547890597,"val_rmse_vm_pu":0.010373179490367571,"val_rmse_theta_deg":0.9372374415397644,"val_loss_mse":0.0006489288661572518,"learning_rate":0.001,"_wandb":{"runtime":6},"test_rmse_theta_deg":1.1183853944142659,"train_loss_temp":1.2325355713143765e-06,"_step":59,"best_epoch":60,"epoch":60,"_timestamp":1.761403508205574e+09}