{"_runtime":11,"epoch":60,"val_loss_mse":0.0027076962869614363,"best_epoch":46,"best_val_loss_mse":0.0025361874140799046,"val_rmse_theta_deg":2.0581385691960654,"_timestamp":1.7613988270981e+09,"val_rmse_vm_pu":0.01083987175176541,"train_loss_mse":0.002420896210242063,"train_loss_total":0.4719009173799297,"train_loss_physics":1.732786140428129,"_step":59,"learning_rate":0.00025,"_wandb":{"runtime":11}}