{"tr_wls":0.10893113853839728,"tr_total_approx":7.542878050999757,"val_vm_rmse":0.33556466301282245,"tr_op":0.3067428110501705,"_wandb":{"runtime":427},"_runtime":427,"_step":100,"tr_tmp":0.00012771706305778562,"_timestamp":1.7610436145834186e+09,"test_vm_rmse":0.36613956093788147,"test_th_rmse":6.47416623433431,"val_loss":7.061151957888232,"val_th_rmse":3.9266204833984375,"tr_smooth":0.6343274926527952,"tr_pf":0.4195727558744253,"tr_res":6.073176135820912}