{"test_rmse_theta_deg":1.133266806602478,"train_loss_phys":0,"_wandb":{"runtime":6},"_timestamp":1.7614032363214955e+09,"best_val_loss_mse":0.0006584274921227585,"learning_rate":0.001,"_step":59,"epoch":60,"val_rmse_vm_pu":0.010485454772909483,"_runtime":6,"train_loss_temp":1.2271017019371263e-06,"train_loss_mse":0.000622342882427172,"val_rmse_theta_deg":1.4024487733840942,"best_epoch":58,"test_rmse_vm_pu":0.011081928697725138,"val_loss_mse":0.0013339007308593755}