{"_runtime":6,"learning_rate":0.001,"val_loss_mse":0.000635183978981028,"val_rmse_theta_deg":0.9218895634015402,"_wandb":{"runtime":6},"test_rmse_vm_pu":0.011460225097835064,"epoch":60,"best_val_loss_mse":0.000635183978981028,"train_loss_phys":0,"val_rmse_vm_pu":0.010370094950000444,"_step":59,"best_epoch":60,"test_rmse_theta_deg":1.106029709180196,"train_loss_temp":1.2179447839326503e-06,"train_loss_mse":0.000525520445826726,"_timestamp":1.7614032932441437e+09}