{"_step":59,"val_rmse_theta_deg":2.122887055079142,"_wandb":{"runtime":12},"train_loss_mse":0.002239082765299827,"val_loss_mse":0.002901368619253238,"learning_rate":0.00025,"_timestamp":1.7613987818155403e+09,"best_val_loss_mse":0.0016241167904809117,"_runtime":12,"epoch":60,"train_loss_total":1.0269782181981955,"train_loss_physics":1.1320767338704667,"best_epoch":51,"val_rmse_vm_pu":0.012086998981734117}