{"train_loss_total":1.2975523653453689,"_runtime":11,"_timestamp":1.761398607021206e+09,"_wandb":{"runtime":11},"epoch":60,"_step":59,"best_val_loss_mse":0.0023592673242092133,"val_rmse_vm_pu":0.011177283711731434,"train_loss_mse":0.002249055472202599,"train_loss_physics":1.7290160426491437,"val_loss_mse":0.0025379465272029242,"learning_rate":0.00025,"val_rmse_theta_deg":1.9861405690511067,"best_epoch":56}