{"tr_op":0.23008774794065034,"tr_res":5.585999870793704,"val_th_rmse":2.370419184366862,"val_vm_rmse":0.2675723930199941,"_wandb":{"runtime":427},"tr_wls":0.06880555703089787,"tr_tmp":8.609124201123054e-05,"_timestamp":1.7610396919675226e+09,"_runtime":427,"tr_total_approx":6.459852861261459,"test_th_rmse":3.4013373057047525,"tr_pf":0.5145777786029628,"test_vm_rmse":0.2973669767379761,"val_loss":6.611270888989484,"tr_smooth":0.06029581565123338,"_step":100}