{"best_epoch":57,"_wandb":{"runtime":12},"learning_rate":0.00025,"train_loss_mse":0.0012961856555193663,"epoch":60,"val_rmse_theta_deg":1.6673355102539062,"val_rmse_vm_pu":0.010707909241318703,"_runtime":12,"val_loss_mse":0.001808336703106761,"_timestamp":1.761397245343148e+09,"best_val_loss_mse":0.0014837117632851005,"train_loss_total":0.41839706364535445,"_step":59,"train_loss_physics":1.2648517544289257}