{"train_loss_mse":0.010588456131517886,"_runtime":3,"best_val_loss_mse":0.0006952047221023928,"learning_rate":0.001,"val_rmse_vm_pu":0.013823450542986393,"train_loss_theta":0.002626143133966252,"train_loss_phys":0,"val_rmse_theta_deg":0.6654257774353027,"_wandb":{"runtime":3},"best_epoch":99,"train_loss_vm":0.0053361698519438505,"val_loss_mse":0.000723301733766372,"_timestamp":1.7613000849373462e+09,"test_rmse_theta_deg":1.6015228033065796,"train_loss_temp":0,"_step":99,"epoch":100,"test_rmse_vm_pu":0.019076607190072536}