{"best_epoch":99,"val_loss_mse":0.0020425741306760096,"train_loss_mse":0.001609601175937897,"_step":99,"val_rmse_vm_pu":0.007986544631421566,"train_loss_temp":1.4931887947638572e-06,"test_rmse_vm_pu":0.009350784588605165,"_timestamp":1.761310765535348e+09,"test_rmse_theta_deg":2.120850145816803,"_runtime":7,"best_val_loss_mse":0.00197528990578245,"learning_rate":0.001,"epoch":100,"train_loss_phys":0,"val_rmse_theta_deg":1.8022394180297852,"_wandb":{"runtime":7}}