{"train_loss_temp":8.566533707428454e-07,"train_loss_mse":0.0018302767022855971,"val_loss_mse":0.0022354868706315756,"epoch":60,"_runtime":9,"test_rmse_vm_pu":0.011310609057545662,"_timestamp":1.7613995974376547e+09,"val_rmse_theta_deg":1.8725676536560059,"best_val_loss_mse":0.002225898439064622,"_wandb":{"runtime":9},"learning_rate":0.0005,"_step":59,"test_rmse_theta_deg":2.031217634677887,"train_loss_phys":0,"val_rmse_vm_pu":0.009959861636161804,"best_epoch":59}