{"_wandb":{"runtime":12},"val_loss_mse":0.002266197232529521,"val_rmse_theta_deg":1.8811131715774536,"epoch":60,"_runtime":12,"best_val_loss_mse":0.0013245938656230767,"train_loss_total":1.242121667942261,"val_rmse_vm_pu":0.010057386631766954,"best_epoch":44,"train_loss_physics":1.1627086102280062,"_timestamp":1.7613988712840216e+09,"_step":59,"train_loss_mse":0.002134029974695295,"learning_rate":0.000125}