{"_step":59,"best_epoch":60,"epoch":60,"val_loss_mse":0.00204452680367412,"_timestamp":1.761403766865208e+09,"best_val_loss_mse":0.00204452680367412,"_runtime":4,"train_loss_phys":0,"test_rmse_theta_deg":2.0883970260620117,"train_loss_temp":1.3383639433857006e-06,"val_rmse_vm_pu":0.008042224993308386,"test_rmse_vm_pu":0.008913017654170593,"learning_rate":0.001,"_wandb":{"runtime":4},"val_rmse_theta_deg":1.797312577565511,"train_loss_mse":0.0017275107958807778}