{"_step":59,"best_val_loss_mse":0.00170336926892174,"train_loss_mse":0.0014781776236561246,"_timestamp":1.761403221655501e+09,"train_loss_temp":1.3562595459240047e-06,"test_rmse_vm_pu":0.009086183117081722,"best_epoch":60,"learning_rate":0.0005,"test_rmse_theta_deg":1.9023454586664836,"val_rmse_theta_deg":1.630485971768697,"val_rmse_vm_pu":0.008170690387487411,"train_loss_phys":0,"epoch":60,"val_loss_mse":0.00170336926892174,"_wandb":{"runtime":6},"_runtime":6}