{"val_rmse_theta_deg":2.036696672439575,"best_val_loss_mse":0.0026336985174566507,"_timestamp":1.7613976820552828e+09,"_step":59,"train_loss_physics":1.2907989089048437,"train_loss_mse":0.0021689911372959614,"val_rmse_vm_pu":0.012331655248999596,"_wandb":{"runtime":13},"_runtime":13,"val_loss_mse":0.0026792571879923344,"best_epoch":58,"learning_rate":0.00025,"epoch":60,"train_loss_total":1.2510160061367077}