{"val_rmse_theta_deg":5.160737752914429,"val_rmse_vm_pu":0.02191411517560482,"epoch":60,"val_loss_mse":0.016721932217478752,"_step":59,"best_val_loss_mse":0.016721932217478752,"_runtime":9,"train_loss_total":4.994091349622518,"train_loss_mse":0.017852896451950075,"learning_rate":2.5e-05,"best_epoch":60,"train_loss_physics":2.589909287309991,"_timestamp":1.7613980993319654e+09,"_wandb":{"runtime":9}}