{"val_rmse_vm_pu":0.01092119561508298,"best_epoch":51,"val_rmse_theta_deg":2.1355751752853394,"learning_rate":0.00025,"_timestamp":1.7613982313454642e+09,"best_val_loss_mse":0.002607839647680521,"train_loss_physics":1.2554328447826844,"train_loss_total":0.9060061494703213,"_step":59,"epoch":60,"train_loss_mse":0.0024645565543323757,"val_loss_mse":0.0028985708486288786,"_runtime":6,"_wandb":{"runtime":6}}