{"train_loss_physics":1.1971806062511954,"learning_rate":0.00025,"val_loss_mse":0.002658824281146129,"best_epoch":14,"train_loss_total":0.33056402198471696,"train_loss_mse":0.0021322366315871476,"_step":59,"best_val_loss_mse":0.002411215410878261,"_runtime":12,"val_rmse_vm_pu":0.010923163034021854,"_timestamp":1.7613983562022371e+09,"epoch":60,"val_rmse_theta_deg":2.0379820664723716,"_wandb":{"runtime":12}}