{"test_rmse_vm_pu":0.008959457743912935,"_wandb":{"runtime":5},"val_loss_mse":0.001041622532559841,"_runtime":5,"val_rmse_vm_pu":0.008006801828742027,"best_epoch":60,"test_rmse_theta_deg":1.4803699652353923,"train_loss_phys":0,"val_rmse_theta_deg":1.2411206563313801,"_step":59,"best_val_loss_mse":0.001041622532559841,"train_loss_temp":1.4872655356157338e-06,"train_loss_mse":0.0009541959122706873,"_timestamp":1.7614038922446415e+09,"epoch":60,"learning_rate":0.001}