{"val_rmse_vm_pu":0.008621589901546637,"train_loss_phys":0,"val_loss_mse":0.001676262352813148,"val_rmse_theta_deg":1.6159746249516804,"test_rmse_theta_deg":1.8743514219919841,"epoch":60,"train_loss_mse":0.0013837152405474812,"test_rmse_vm_pu":0.00926496492077907,"_timestamp":1.761403335717971e+09,"best_epoch":60,"_step":59,"learning_rate":0.001,"_wandb":{"runtime":6},"train_loss_temp":1.3526280982799876e-06,"_runtime":6,"best_val_loss_mse":0.001676262352813148}