{"train_loss_phys":0,"_wandb":{"runtime":6},"best_val_loss_mse":0.0020475465747894664,"_step":59,"val_rmse_theta_deg":1.957520604133606,"test_rmse_theta_deg":2.081148624420166,"val_rmse_vm_pu":0.008922007245322069,"test_rmse_vm_pu":0.009518938759962717,"train_loss_temp":1.2276004898199178e-06,"best_epoch":58,"epoch":60,"train_loss_mse":0.0017840381717691438,"learning_rate":0.001,"_runtime":6,"val_loss_mse":0.0024128128619243703,"_timestamp":1.7614036586793368e+09}