{"best_epoch":59,"val_loss_mse":0.0011398043010778952,"test_rmse_vm_pu":0.009010666670898596,"learning_rate":0.001,"epoch":60,"test_rmse_theta_deg":1.5215750137964885,"_wandb":{"runtime":5},"_runtime":5,"_timestamp":1.7614032521059983e+09,"train_loss_temp":1.3708501350825268e-06,"best_val_loss_mse":0.001095278622497889,"_step":59,"train_loss_phys":0,"val_rmse_vm_pu":0.008100584925462803,"val_rmse_theta_deg":1.3019072612126668,"train_loss_mse":0.000839946027367543}