{"_timestamp":1.7614031330028718e+09,"train_loss_temp":8.024444556352906e-07,"train_loss_phys":0,"best_val_loss_mse":0.001444801991579659,"_step":59,"test_rmse_theta_deg":1.737987796465556,"_wandb":{"runtime":5},"learning_rate":0.001,"best_epoch":54,"test_rmse_vm_pu":0.009456081005434195,"val_rmse_vm_pu":0.00886157558610042,"train_loss_mse":0.001958137479586861,"val_loss_mse":0.002011155363906062,"epoch":60,"_runtime":5,"val_rmse_theta_deg":1.729662259419759}