{"_step":59,"val_rmse_theta_deg":1.9821155071258545,"_wandb":{"runtime":9},"best_epoch":59,"val_rmse_vm_pu":0.010893090007205805,"train_loss_mse":0.0020699028507806362,"epoch":60,"train_loss_physics":1.2059015832209758,"best_val_loss_mse":0.0025067392271012068,"_runtime":9,"_timestamp":1.7613972195798552e+09,"train_loss_total":1.2921064138368252,"val_loss_mse":0.002521519393970569,"learning_rate":0.00025}