{"_wandb":{"runtime":7},"train_loss_total":2.166576228389585,"train_loss_mse":0.0023692580405622722,"val_loss_mse":0.0028607590356841683,"_runtime":7,"val_rmse_theta_deg":2.097324848175049,"best_val_loss_mse":0.002405533567070961,"best_epoch":52,"learning_rate":0.00025,"train_loss_physics":1.250346450986208,"val_rmse_vm_pu":0.013412062544375658,"_step":59,"_timestamp":1.7613971695078402e+09,"epoch":60}