{"val_rmse_vm_pu":0.018225647509098053,"train_loss_mse":0.003021399537101388,"best_epoch":47,"val_loss_mse":0.002774494467303157,"epoch":60,"train_loss_physics":1.777946647347644,"_wandb":{"runtime":9},"val_rmse_theta_deg":2.0020418763160706,"_timestamp":1.7613989995116622e+09,"_runtime":9,"_step":59,"train_loss_total":1.5943263446844553,"learning_rate":0.00025,"best_val_loss_mse":0.0026481247041374445}