{"best_epoch":99,"train_loss_phys":0,"_timestamp":1.7613057568990085e+09,"val_rmse_theta_deg":0.6654257774353027,"train_loss_mse":0.00033937359395890665,"val_rmse_vm_pu":0.013823450542986393,"train_loss_vm":0.00017103108499820033,"best_val_loss_mse":0.0006952047221023928,"train_loss_theta":8.417125429379013e-05,"learning_rate":0.001,"_wandb":{"runtime":3},"_step":99,"test_rmse_vm_pu":0.019076607190072536,"train_loss_temp":0,"epoch":100,"val_loss_mse":0.000723301733766372,"_runtime":3,"test_rmse_theta_deg":1.6015228033065796}