{"val_loss_mse":0.002074154559522867,"val_rmse_vm_pu":0.010464724153280258,"learning_rate":0.00025,"train_loss_mse":0.0018594241235405206,"epoch":60,"train_loss_total":0.3675771339378908,"_wandb":{"runtime":12},"train_loss_physics":1.4617022052880784,"best_val_loss_mse":0.002074154559522867,"_timestamp":1.7613974102878559e+09,"_step":59,"best_epoch":60,"_runtime":12,"val_rmse_theta_deg":1.7957650423049927}