{"_step":59,"val_loss_mse":0.0031024896694968143,"epoch":60,"val_rmse_theta_deg":2.2013515631357827,"val_rmse_vm_pu":0.011236428593595823,"learning_rate":2.5e-05,"_timestamp":1.7613985544794815e+09,"train_loss_physics":1.2849750720840167,"best_val_loss_mse":0.0031024896694968143,"best_epoch":60,"_wandb":{"runtime":12},"_runtime":12,"train_loss_mse":0.0030072762630879877,"train_loss_total":0.8637688602875506}