{"_wandb":{"runtime":9},"_step":59,"train_loss_mse":0.00633935984224081,"val_rmse_vm_pu":0.011738164350390434,"train_loss_total":3.341152912763877,"val_loss_mse":0.006329531315714121,"val_rmse_theta_deg":3.183032512664795,"train_loss_physics":2.5844292300803744,"epoch":60,"best_epoch":60,"_runtime":9,"_timestamp":1.7613982813043702e+09,"learning_rate":2.5e-05,"best_val_loss_mse":0.006329531315714121}