{"train_loss_mse":0.0028261805418878794,"best_val_loss_mse":0.0031272913329303265,"_wandb":{"runtime":17},"val_loss_mse":0.0034303327556699514,"epoch":60,"train_loss_physics":1.4491115256183271,"best_epoch":59,"val_rmse_vm_pu":0.010521430522203445,"_timestamp":1.7613975232043688e+09,"_step":59,"train_loss_total":1.1529432651806812,"_runtime":17,"val_rmse_theta_deg":2.334278106689453,"learning_rate":0.00025}