{"_wandb":{"runtime":6},"test_rmse_theta_deg":1.1326295733451843,"val_rmse_vm_pu":0.01041355449706316,"train_loss_temp":1.2054764511049143e-06,"val_loss_mse":0.0007305223579433831,"val_rmse_theta_deg":1.0011472900708516,"best_val_loss_mse":0.0006660503656321177,"train_loss_phys":0,"learning_rate":0.001,"epoch":60,"best_epoch":59,"test_rmse_vm_pu":0.011281311511993408,"_timestamp":1.7614034037615397e+09,"_runtime":6,"train_loss_mse":0.0006461684257747271,"_step":59}