{"epoch":60,"val_loss_mse":0.001802455789099137,"best_val_loss_mse":0.0016753907936314742,"_runtime":11,"val_rmse_vm_pu":0.010656467949350676,"best_epoch":55,"learning_rate":0.000125,"train_loss_total":0.6631692629975643,"val_rmse_theta_deg":1.6614508628845215,"_wandb":{"runtime":11},"_timestamp":1.7613985317142184e+09,"train_loss_physics":1.729346752342509,"_step":59,"train_loss_mse":0.001490857300814241}