{"best_epoch":60,"train_loss_mse":0.0009708316184771367,"learning_rate":0.001,"_wandb":{"runtime":5},"val_rmse_theta_deg":1.3420743544896443,"test_rmse_theta_deg":1.5877556403477986,"test_rmse_vm_pu":0.009013984041909376,"val_loss_mse":0.001181117664655727,"_timestamp":1.7614039083427472e+09,"best_val_loss_mse":0.001181117664655727,"train_loss_phys":0,"val_rmse_vm_pu":0.007935065931330124,"_runtime":5,"train_loss_temp":1.3516804266635938e-06,"_step":59,"epoch":60}