{"val_rmse_theta_deg":0.6966181099414825,"train_loss_vm":0.00015219422997548603,"train_loss_theta":7.673662893909913e-05,"train_loss_temp":0,"epoch":60,"_step":59,"val_rmse_vm_pu":0.012779118803640207,"train_loss_phys":0,"best_epoch":60,"_timestamp":1.7614049681523893e+09,"test_rmse_theta_deg":1.5003137985865276,"test_rmse_vm_pu":0.01704027907301982,"_runtime":3,"val_loss_mse":0.0006491034723832413,"_wandb":{"runtime":3},"learning_rate":0.001,"best_val_loss_mse":0.0006491034723832413,"train_loss_mse":0.0003056674927043227}