{"epoch":60,"val_rmse_theta_deg":2.1438981691996255,"train_loss_total":0.7581020438538525,"best_val_loss_mse":0.0025419780674080053,"train_loss_physics":1.2101713101438412,"val_rmse_vm_pu":0.012520803759495417,"_step":59,"_runtime":12,"best_epoch":46,"val_loss_mse":0.002969452335188786,"learning_rate":0.00025,"_wandb":{"runtime":12},"train_loss_mse":0.002484941086731851,"_timestamp":1.7613990706249049e+09}