{"epoch":60,"val_loss_mse":0.003112338250502944,"train_loss_physics":1.2215986787351627,"learning_rate":0.00025,"val_rmse_theta_deg":2.2137439250946045,"_wandb":{"runtime":12},"val_rmse_vm_pu":0.0112554170191288,"_step":59,"train_loss_total":1.7791262124073959,"best_val_loss_mse":0.0026136760134249926,"_runtime":12,"_timestamp":1.7613977073569493e+09,"train_loss_mse":0.0022216806188225745,"best_epoch":56}