{"epoch":60,"val_loss_mse":0.0008180530911142176,"_wandb":{"runtime":1},"_runtime":1,"test_rmse_theta_deg":1.6239615082740784,"_timestamp":1.7614049068558767e+09,"val_rmse_vm_pu":0.013843908905982971,"train_loss_temp":0,"best_val_loss_mse":0.0008180530911142176,"train_loss_theta":0.000179796228528572,"best_epoch":60,"train_loss_mse":0.0005863967593401098,"train_loss_vm":0.00022680431161111651,"val_rmse_theta_deg":0.8226985931396484,"learning_rate":0.001,"test_rmse_vm_pu":0.01854862365871668,"train_loss_phys":0,"_step":59}