{"tr_res":6.080616468772081,"tr_tmp":9.014107901095532e-05,"val_loss":7.080270372472994,"_timestamp":1.761040127400874e+09,"tr_smooth":0.07479419807593028,"tr_wls":0.10015880603056687,"val_vm_rmse":0.3167046805222829,"_runtime":428,"_step":100,"tr_op":0.29046535874024415,"tr_pf":0.4646514231469045,"test_vm_rmse":0.3503352801005046,"tr_total_approx":7.010776395844737,"val_th_rmse":2.8375837802886963,"test_th_rmse":4.068000078201294,"_wandb":{"runtime":428}}