{"_wandb":{"runtime":429},"tr_total_approx":10.589571224124786,"tr_res":7.573152081851234,"_step":100,"tr_pf":2.710800410784224,"val_th_rmse":3.4989161491394043,"_timestamp":1.761038382035717e+09,"val_vm_rmse":0.1754737695058187,"tr_tmp":0.00011444544846502443,"tr_wls":0.02694091783502163,"tr_smooth":0.14824074583175856,"tr_op":0.13032262237408224,"val_loss":8.294100896883823,"test_th_rmse":5.9158681233723955,"test_vm_rmse":0.21552142004172006,"_runtime":429}