{"val_rmse_theta_deg":1.999239206314087,"_step":149,"train_loss_temp":2.952867707790574e-05,"train_loss_combined":53.06074564933423,"best_val_loss_phys":30.35548010401503,"train_loss_op":0.31064115539193154,"_runtime":13,"_timestamp":1.7612984056773806e+09,"val_rmse_vm_pu":0.011271287221461535,"learning_rate":3.90625e-06,"_wandb":{"runtime":13},"epoch":150,"val_loss_phys":30.35548010401503,"best_epoch":150,"train_loss_res":52.75007496526522}