{"best_epoch":54,"_wandb":{"runtime":11},"train_loss_physics":1.216113096476321,"_timestamp":1.7613972703532395e+09,"best_val_loss_mse":0.0024864859879016876,"val_loss_mse":0.0034066635804871717,"val_rmse_theta_deg":2.3188742796579995,"val_rmse_vm_pu":0.011210359632968903,"_runtime":11,"epoch":60,"train_loss_mse":0.0023138200165703894,"learning_rate":0.00025,"_step":59,"train_loss_total":1.670729330471867}